Métrique,Valeur
loss,0.45588284730911255
compile_metrics,0.8590258359909058
