Métrique,Valeur
loss,0.39473074674606323
compile_metrics,0.8789234757423401
